params,molecule,choice,fail,time
40 maxMarginalStrengthBiasedWheelSelectVal true false 2 1 1800 3750 4250 100 200 true,C(N=COCN1TCC1(OC#CT(C(SOCTSC(F))(Cl))))Br_, 36, 1, 173514
40 domWdegRandom true false 2 1 1800 3750 4250 -200 -100 true,[C@H]=NOTOC/[TH+]=[N+](O(CC(I)I))\[C@@H], 50, 14, 141749
40 maxMarginalStrengthBiasedWheelSelectVal true false 2 1 1800 2750 3250 100 200 true,C(CTOT(TC(N(C)STCCC(OC#C)CC)(F)))N1C=CO1, 38, 0, 140873
40 domWdegRandom true false 2 1 1800 3750 4250 -200 -100 true,T\N=[C@@](c1sncc1[TH+](C(SOI)[TH+]TBr))/T, 331, 139, 611637
40 maxMarginalStrengthBiasedWheelSelectVal true false 2 1 1800 2750 3250 100 200 true,C1(TOTN(TC(X)TCC(N=NC2CCC2))CC)CCC(CC)O1, 37, 0, 178533
40 domWdegRandom true false 2 1 1800 3750 4250 -200 -100 true,ClTc1cn[nH]c1S[N+]#CTTCCSTCC(I)(F)[C@H]=O, 291, 121, 401416
40 domWdegRandom true false 2 1 1800 1750 2250 -200 -100 true,Tc1n[nH]nc1S/C=[N+]([TH+](C=C=C=S))/[C@], 51, 13, 198750
40 maxMarginalStrengthBiasedWheelSelectVal true false 2 1 1800 2750 3250 100 200 true,CC(=NSCF)TOC1=C(TOCN2TSC(C=C(C))CC2)CT1_, 38, 1, 191933
40 maxMarginalStrengthLDS true false 2 1 1800 3750 4250 -200 -100 true,C1CC(C(TCTCCOCCOCCOCTCTCCCTCC2CCOC2))CC1, 42, 1, 160363
40 maxMarginalStrengthLDS true false 2 1 1800 2750 3250 -400 -300 true,C1TC(C(COOC(C(C#COCOCOCCT)))CC2TCTC2)TC1, 39, 0, 287083
40 maxMarginalStrengthBiasedWheelSelectVal true false 2 1 1800 3750 4250 100 200 true,C1(CCCl)(TTOC)CN(SC2=NC(N3CCSCC3)CC2)CTS1, 32, 0, 177665
40 maxMarginalStrengthBiasedWheelSelectVal true false 2 1 1800 2750 3250 -400 -300 true,S(T(CC(C=NTT(C))(TC)C=C))OO[C@](=CSOF)C_, 1969, 972, 661760
40 maxMarginalStrengthBiasedWheelSelectVal true false 2 1 1800 2750 3250 -400 -300 true,COC1C(TTS(C(C(C#CC(X)CTOF))))CC(=O)OTCC1, 375, 173, 230649
40 maxMarginalStrength true false 2 1 1800 1750 2250 -200 -100 true,T(C(C1TCC1)C2CTCC2(C(C=C=C(C3TCTC3))))F_, 40, 0, 166135
40 maxMarginalStrengthBiasedWheelSelectVal true false 2 1 1800 3750 4250 -200 -100 true,CN(N1SC(OSTT)TC(CT(Cl))=CC1)C[C@](=C=C)TI, 32, 2, 143029
40 maxMarginalStrengthBiasedWheelSelectVal true false 2 1 1800 3750 4250 -200 -100 true,C(CN1OCTTCC(=CC(SOCN(TCTBr)C=[C@])F)C1)=S, 57, 13, 177504
40 domWdegRandom true false 2 1 1800 2750 3250 -400 -300 true,[O-]\[C@]=C(SC\[TH+]=C/[N+](I)(Cl))/[C@H], 264, 105, 448409
40 domWdegRandom true false 2 1 1800 3750 4250 100 200 true,[C@][C@]#CN(I)OTC(F)c1ocnc1CSSC#[C@@]C=C, 78, 23, 153374
40 maxMarginalStrengthBiasedWheelSelectVal true false 2 1 1800 3750 4250 -200 -100 true,S(T(C(N1CCO1)OC2(CCN(CS(T))T)C[C@]CT2))I, 378, 172, 268131
40 domWdegRandom true false 2 1 1800 2750 3250 -400 -300 true,C1(SSC1)=NC#CC#[C@@]c2nsnc2O[TH+]=C(T)CX, 585, 257, 757249
40 domWdegRandom true false 2 1 1800 1750 2250 100 200 true,Rc1[nH]cnc1S/N=C(T\[C@H]=C\C2(TOC=C2))\O, 276, 114, 299148
40 domWdegRandom true false 2 1 1800 2750 3250 -400 -300 true,F/N=[N+]([TH+](Cl)N1TO[N+]N1(TCC(#CI)))\O, 269, 112, 588939
40 maxMarginalStrengthBiasedWheelSelectVal true false 2 1 1800 3750 4250 -400 -300 true,IC1(CC(TC(C=NTS(C))C[C@](=C))CC)OOTTOCS1, 2258, 1117, 1115064
40 maxMarginalStrengthLDS true false 2 1 1800 3750 4250 100 200 true,C1CC(C(CCTCCTCCCCCOCTCOCCCTCC2CCCC2))CC1, 40, 0, 141396
40 maxMarginalStrengthBiasedWheelSelectVal true false 2 1 1800 3750 4250 -400 -300 true,CCOOSOCOSSCC(CON1CCC1)C[C@](=C)[C@](=C)T, 983, 479, 550878
40 domWdegRandom true false 2 1 1800 2750 3250 -200 -100 true,S(X)[C@H]N=Cc1c2c([C@]=CTTCC2(TSBr))nnn1_, 30, 1, 210360
40 domWdegRandom true false 2 1 1800 2750 3250 100 200 true,Xc1c[nH]nc1Oc2snc(SX)c2N(TF)C[C@H]C=[C@], 147, 60, 252006
40 domWdegRandom true false 2 1 1800 2750 3250 -200 -100 true,C#C[TH+]SN=NSS(=O)(=O)Sc1c2(CC2(=C))ccn1, 40, 10, 154837
40 domWdegRandom true false 2 1 1800 3750 4250 100 200 true,O(c1n[nH]nc1I)\C(TSSS(SC2CCC2))=[C@@H]/T, 28, 2, 160986
40 maxMarginalStrengthBiasedWheelSelectVal true false 2 1 1800 1750 2250 -200 -100 true,C(C(C1SOCT1)(R)CCC2OTO2)(TC([O-])(F))T__, 224, 95, 300289
40 domWdegRandom true false 2 1 1800 2750 3250 -200 -100 true,O(R)SS/N=[N+](STT[C@H]=[C@@H]CC=[C@]Br)/S, 287, 120, 560339
40 domWdegRandom true false 2 1 1800 3750 4250 100 200 true,R[C@@H]TN=NTT[TH+][C@H]c1c2(SC2)cc(I)c1I, 77, 26, 211041
40 maxMarginalStrengthBiasedWheelSelectVal true false 2 1 1800 1750 2250 -400 -300 true,T1C(C=CCN(X)TCN(C(OOOTC[C@@](=C))=C)T)C1, 410, 191, 389453
40 domWdegRandom true false 2 1 1800 2750 3250 100 200 true,T1C(N=[C@H]c2n[nH]nc2C=[C@]CCCCl)=NSTTCS1, 30, 2, 214395
40 maxMarginal true false 2 1 1800 1750 2250 -200 -100 true,T(C(C(C1C(C(C2CTCTC2)C3SOC3)TTC1)))C____, 41, 0, 218082
40 domWdegRandom true false 2 1 1800 3750 4250 -400 -300 true,XSN=C=C[TH+]N(I)/N=C([C@H]=[TH+]CI)\[N+], 1053, 482, 1090883
40 domWdegRandom true false 2 1 1800 3750 4250 -400 -300 true,X/[TH+]=[N+](SOc1cscc1[TH+]N(SBr)I)/[TH+], 40, 7, 247337
40 domWdegRandom true false 2 1 1800 1750 2250 -400 -300 true,c1onnc1[TH+]c2[nH]c(C)nc2CTOC3[C@][N+]T3, 75, 24, 132023
40 domWdegRandom true false 2 1 1800 1750 2250 -400 -300 true,T\C(T[TH+]\C(c1cn[nH]c1[TH+]CF)=N/S)=N\S, 250, 104, 417590
40 maxMarginalLDS true false 2 1 1800 1750 2250 -400 -300 true,T(C(C(C1C(C(COC2CTTC2)OOC#C)TTC1)))C____, 74, 7, 245566
40 maxMarginalStrengthBiasedWheelSelectVal true false 2 1 1800 2750 3250 -200 -100 true,C#CSOCN1CC(T(SOC(OC=NOC)(C#[C@])))(X)CC1, 125, 48, 181246
40 maxMarginalStrengthBiasedWheelSelectVal true false 2 1 1800 2750 3250 -200 -100 true,COTCCCCOON(S(TCCTCN1SC([C@](=C))[C@]1))C, 227, 98, 189224
40 domWdegRandom true false 2 1 1800 2750 3250 -400 -300 true,X/N=[N+](OC/[TH+]=[N+]/C([TH+](OSI)C))/T, 654, 292, 831683
40 maxMarginalStrengthBiasedWheelSelectVal true false 2 1 1800 3750 4250 -200 -100 true,C1TC(CCSCl)(N=NCSOCN(TC(X)CF)C(OCl)(=C))C1, 121, 43, 175151
40 maxMarginalStrengthBiasedWheelSelectVal true false 2 1 1800 1750 2250 -200 -100 true,T1C(CON(OOC2=[C@@H][C@@]=C2)CN=CC=T)TST1, 2029, 999, 790048
40 domWdegRandom true false 2 1 1800 2750 3250 -400 -300 true,[O-]SS[TH+]Tc1snnc1C[TH+][N+][C@](Br)[C@], 36, 7, 215180
40 maxMarginalStrengthBiasedWheelSelectVal true false 2 1 1800 3750 4250 -200 -100 true,XC(STCBr)C1N(CTCOC(=C(SCSC#CTC))C(CX))CC1, 324, 145, 182275
40 domWdegRandom true false 2 1 1800 2750 3250 -400 -300 true,[TH3+]O\C(N(CI)(TN(N([C@])O1)[N+]1R))=C\C, 54, 14, 245565
40 maxMarginalStrengthLDS true false 2 1 1800 1750 2250 100 200 true,T(C(C1TCC1)C2CCTC2(C(C=C=C(C3OCTT3))))C_, 103, 9, 233564
40 maxMarginalStrength true false 2 1 1800 1750 2250 -400 -300 true,T(C(C1TCC1)C2CTOC2(C(C=C(C#CN3TTN3))))F_, 98, 30, 200291
40 maxMarginalStrengthBiasedWheelSelectVal true false 2 1 1800 3750 4250 -200 -100 true,CC(TC)(C(C)SOC(OOCN1TN(F)C1)CCT)C=C(F)SBr, 61, 12, 166152
40 maxMarginalStrengthBiasedWheelSelectVal true false 2 1 1800 2750 3250 -400 -300 true,COC#COTCOCN(TCCOC(CF)OTCC1[C@](=C=C)C1)T, 31, 1, 260948
40 domWdegRandom true false 2 1 1800 1750 2250 -200 -100 true,N#C[N+]TTN=C[TH+]N([N+]SCl)[C@](C)[C@@]#N, 26, 1, 167165
40 maxMarginalStrengthBiasedWheelSelectVal true false 2 1 1800 3750 4250 -400 -300 true,BrC(OTF)OSTTC(Cl)(N1TSCC=C1)[C@](=C)C(C)TF, 73, 23, 156085
40 domWdegRandom true false 2 1 1800 1750 2250 -200 -100 true,Br/[N+]=[N+](S(OCN(X)C1[C@H]TC1(=T)))/T__, 261, 107, 479926
40 domWdegRandom true false 2 1 1800 1750 2250 -200 -100 true,FTSON(Cl)TTC/N=[C@@](C#[C@@]OC(=[TH+]))\T, 93, 33, 368717
40 maxMarginalStrengthLDS true false 2 1 1800 3750 4250 -400 -300 true,C1CC(C(TCTCCOCCOCCTCTCOCOCTCC2CCOC2))CC1, 40, 1, 179150
40 domWdegRandom true false 2 1 1800 3750 4250 -200 -100 true,ROTc1scnc1N=[N+]C[TH+]=NN=C[C@](=CCBr)CBr_, 368, 161, 532458
40 maxMarginalStrengthBiasedWheelSelectVal true false 2 1 1800 2750 3250 100 200 true,[N+]CTCSTTCN(TCl)TN(CC1[C@]C1)CCCCCC=C=O_, 39, 7, 147888
40 maxMarginalStrengthLDS true false 2 1 1800 2750 3250 -200 -100 true,C1TC(C(C(#C(C(COC)COCOCOT)))SC2TCTC2)TC1, 39, 0, 279812
40 maxMarginalStrengthLDS true false 2 1 1800 2750 3250 100 200 true,C1TC(C(C(CC(C(CCCSCOCCC)T)))OC2TOTC2)TC1, 39, 0, 321322
40 maxMarginalStrengthBiasedWheelSelectVal true false 2 1 1800 3750 4250 100 200 true,C(OOCTCSTSSS(C(C(OC[C@]))C(C)F))C1CCCCS1, 35, 0, 118067
40 maxMarginalStrengthBiasedWheelSelectVal true false 2 1 1800 3750 4250 100 200 true,FC1OSOC(C(C(STTCCCTSSC)C)C(CC)(C)Cl)(X)C1, 151, 56, 149447
40 domWdegRandom true false 2 1 1800 3750 4250 -200 -100 true,ClS\C=[N+](CCN(X)/C(TBr)=C(T[TH+]SCBr)/S)\T, 34, 3, 184629
40 maxMarginalStrengthBiasedWheelSelectVal true false 2 1 1800 2750 3250 100 200 true,RSC1[C@@]([C@](CTCC2SCC2)C3C=CCTN=N3)OC1, 37, 0, 189840
40 maxMarginalStrengthBiasedWheelSelectVal true false 2 1 1800 2750 3250 -200 -100 true,O1COTC(TTC2N=C(CC)CTC2)(OCC(#CN3CS3))C1_, 81, 22, 178134
40 maxMarginalStrengthBiasedWheelSelectVal true false 2 1 1800 1750 2250 100 200 true,C(C1(COC(TC=C(X))R)TN([C@](CCC)=C)OT1)OC, 1659, 815, 669250
40 domWdegRandom true false 2 1 1800 1750 2250 -400 -300 true,T1ON=C[C@@]N(C=[C@](=C))[N+](OTSO2)=C2T1, 84, 28, 157548
40 maxMarginalStrengthBiasedWheelSelectVal true false 2 1 1800 3750 4250 100 200 true,C(#CON(SCC1CCCCO1)C(COCC[C@])TC2STOC2)TCl, 34, 0, 131990
40 maxMarginalLDS true false 2 1 1800 1750 2250 -200 -100 true,T(C(C(C1C(C(C2CTCTC2)C3SOC3)TTC1)))C____, 41, 0, 245627
40 maxMarginalStrengthBiasedWheelSelectVal true false 2 1 1800 2750 3250 -200 -100 true,CCON(C(C(TCTC(TF))COTC[N+]=CN1C=COC1)Cl)C, 105, 34, 148975
40 domWdegRandom true false 2 1 1800 3750 4250 -400 -300 true,c1sc2c(N(X)N(N=O)[TH+]O[C@]=C2(I))c1TTBr_, 504, 231, 551102
40 maxMarginalStrengthBiasedWheelSelectVal true false 2 1 1800 1750 2250 100 200 true,CCC(TCTN(C1=C[C@@H]1(F))TN2TTC2)=CC3COC3, 845, 406, 502065
40 domWdegRandom true false 2 1 1800 2750 3250 -400 -300 true,Cl[TH+]S/C(R)=[C@@]([TH+]C=[N+]TSTO(Br))\S, 252, 103, 504080
40 domWdegRandom true false 2 1 1800 3750 4250 -400 -300 true,Fc1[nH]nnc1CN=NCN=[TH+]N=C(I)[C@](=C)N=S, 309, 130, 472897
40 domWdegRandom true false 2 1 1800 2750 3250 -200 -100 true,S=[TH+][C@@]1(TC[N+]=[C@@]1)OS/C=C(CBr)\S, 29, 1, 242238
40 domWdegRandom true false 2 1 1800 3750 4250 100 200 true,R/N=C([N+]T\[C@@]([C@](CCI)I)=C\[C@@])\O, 293, 120, 492207
40 maxMarginal true false 2 1 1800 1750 2250 -400 -300 true,T(C(C(C1C(C(C#COC2COOTC2)CX)TTC1)))C____, 44, 3, 217251
40 maxMarginalStrengthBiasedWheelSelectVal true false 2 1 1800 1750 2250 -400 -300 true,T1OTTCC2(TCOC2(CC(OOT)(C(=[C@](=C)))))S1, 637, 302, 424829
40 domWdegRandom true false 2 1 1800 2750 3250 100 200 true,O=NN1C2(CTON(TCl)C(=C)SS2)[C@H][C@H]S1___, 34, 1, 179727
40 domWdegRandom true false 2 1 1800 2750 3250 -200 -100 true,R\N=C(N1[TH+]CCS(=O)(=O)N(CCBr)[C@]O1)\O_, 26, 1, 177205
40 domWdegRandom true false 2 1 1800 3750 4250 100 200 true,S=[N+][TH+]O\[C@]=C(CN(SCCBr)CCCCBr)\[N+]_, 62, 17, 204505
40 maxMarginalStrengthBiasedWheelSelectVal true false 2 1 1800 3750 4250 -400 -300 true,C(CN(N(C(OC(C1CTTSCC1)I)C)F)C=[TH+]C)OOT, 4786, 2376, 742871
40 domWdegRandom true false 2 1 1800 2750 3250 -200 -100 true,Cl[TH+]\[TH+]=[C@](CC=Cc1oc2c(SSSS2)n1)/T, 32, 5, 203981
40 maxMarginalStrengthBiasedWheelSelectVal true false 2 1 1800 3750 4250 -400 -300 true,BrCSC1C(CSCR)(CTF)CC(C#CC(CN2TN2)TTOC)=C1, 925, 448, 318996
40 domWdegRandom true false 2 1 1800 2750 3250 100 200 true,RN(F)N=CCC1(N(TT[TH3+])ON(Br)C1)CC(CF)=CCX, 45, 7, 261742
40 domWdegRandom true false 2 1 1800 3750 4250 -400 -300 true,T=C[TH+]c1cn(SST(Cl))nc1N(TR)[C@](=C=CI)Cl, 914, 424, 907521
40 maxMarginalLDS true false 2 1 1800 3750 4250 100 200 true,C1CC(CC2CCOCC2(CTCCOCTCOCOCC3CCCCC3))SC1, 41, 0, 159173
40 maxMarginal true false 2 1 1800 2750 3250 100 200 true,C1(C(C(C2CTCC2)CTCCCCCCCF)C3CCCCC3)TTTC1, 41, 0, 265376
40 maxMarginalStrengthBiasedWheelSelectVal true false 2 1 1800 1750 2250 100 200 true,C(C1(SCN=C1)CT)(=T)C2C(R)(TC3(C))C3TOON2, 2741, 1354, 987232
40 maxMarginalStrengthBiasedWheelSelectVal true false 2 1 1800 2750 3250 -200 -100 true,FN(OC(R)TN1)C1CCN(N(CC=CCl)R)CN2CCTC[C@]2, 34, 1, 198607
40 maxMarginalStrengthBiasedWheelSelectVal true false 2 1 1800 1750 2250 100 200 true,RC(TF)(O(TC))C=CCC1TSC(C(C#[C@@]T)=C)C1_, 987, 478, 350951
40 maxMarginalStrengthBiasedWheelSelectVal true false 2 1 1800 2750 3250 -200 -100 true,ClTCN(CC1(CC=C)(N(=NC=C(OOC2TTOC2)TC)))C1, 33, 0, 250088
40 domWdegRandom true false 2 1 1800 1750 2250 -400 -300 true,ClSc1[nH]cc(F)c1N=[TH+]TS(=O)(=O)[TH+]T__, 53, 16, 154520
40 maxMarginalStrengthLDS true false 2 1 1800 1750 2250 -200 -100 true,T(C(C1TCC1)C2CTCC2(C(C=C=C(C3TCTC3))))F_, 40, 0, 186035
40 domWdegRandom true false 2 1 1800 2750 3250 -200 -100 true,O=N[N+]=[N+]=[N+]ON=[TH+]S[C@@H]=C(I)C=O, 27, 1, 215320
40 domWdegRandom true false 2 1 1800 3750 4250 -400 -300 true,TON(Br)[TH+]OT\N=C(C[C@]T[N+][C@](=CI))\S, 653, 290, 527475
40 maxMarginalStrength true false 2 1 1800 1750 2250 100 200 true,T(C(C1TCC1)C2CTSC2(C(C=C=C(C3=CTC3))))T_, 49, 6, 190469
40 maxMarginalStrengthBiasedWheelSelectVal true false 2 1 1800 2750 3250 -200 -100 true,C(TCCX)#CCTN(N(TN(R)C(C=CC#C))CCl)C=NC=O_, 38, 3, 249977
40 maxMarginalStrengthBiasedWheelSelectVal true false 2 1 1800 1750 2250 -400 -300 true,TC=COC1(N(C2C(C=[TH+])TN=[C@]N2)C=NC)OO1, 163, 66, 241602
40 domWdegRandom true false 2 1 1800 2750 3250 100 200 true,S1OTSTN=[C@](T\[C@H]=N\C(SC#CF)(CCCl))O1_, 30, 0, 205091
40 maxMarginalStrength true false 2 1 1800 2750 3250 -400 -300 true,C1TC(C(COOC(C(C#COCOCOCCT)))CC2TCTC2)TC1, 39, 0, 259950
40 maxMarginalStrength true false 2 1 1800 3750 4250 -200 -100 true,C1CC(C(TCTCCOCCOCCOCTCTCCCTCC2CCOC2))CC1, 42, 1, 140566
40 domWdegRandom true false 2 1 1800 2750 3250 -200 -100 true,[TH3+]/[TH+]=C(C\N=C(c1ncsc1[C@]#CBr)\S)/S, 248, 101, 480845
40 domWdegRandom true false 2 1 1800 3750 4250 100 200 true,[C@]N(I)OTT[N+]c1scnc1TTTC(F)(C)[C@](C)Br, 129, 51, 199794
40 maxMarginal true false 2 1 1800 1750 2250 100 200 true,T(C(C(C1C(C(C2CCCTC2)CC=COT)TTC1)))C____, 45, 2, 219435
40 domWdegRandom true false 2 1 1800 2750 3250 -200 -100 true,T/C(C/C=[N+]\C(Cl)(c1sccc1I))=[TH+]/[TH+], 571, 253, 549388
40 domWdegRandom true false 2 1 1800 3750 4250 100 200 true,N1=CC(Cl)S[C@]2(TS2)C(C(SC3(I))=C3C4)C4O1, 32, 1, 189380
40 maxMarginalStrengthBiasedWheelSelectVal true false 2 1 1800 1750 2250 -400 -300 true,CTTTTCOCC(C(C)([C@](=C))OC1[C@]C1)C(=O)T, 444, 205, 336736
40 domWdegRandom true false 2 1 1800 2750 3250 100 200 true,ClN1[N+]2(CON(OR)S2)[C@@](Cl)(CCCl)TT[N+]1_, 39, 5, 192836
40 maxMarginalStrength true false 2 1 1800 2750 3250 100 200 true,C1TC(C(C(CC(C(CCCSCOCCC)T)))OC2TOTC2)TC1, 39, 0, 282573
40 domWdegRandom true false 2 1 1800 3750 4250 100 200 true,X/N=[N+](OST\N=[TH+]/C(R)(CCN(CI)CCBr))\C, 179, 76, 223739
40 domWdegRandom true false 2 1 1800 1750 2250 -200 -100 true,Fc1ocnc1T[C@@H][TH+]=NN=NN(C#C)CT[C@@]#N, 580, 256, 715854
40 domWdegRandom true false 2 1 1800 2750 3250 100 200 true,S(=O)(=O)=NSO/C(c1oncc1c2ccccc2C)=[N+]\O, 31, 5, 127824
40 maxMarginalStrengthBiasedWheelSelectVal true false 2 1 1800 1750 2250 -200 -100 true,CTTN(STTO1)C1C(N2O[C@]2)C3([C@](=C)C)TC3, 85, 31, 255572
40 domWdegRandom true false 2 1 1800 2750 3250 -400 -300 true,[TH+](OBr)OT[C@][C@]OOC[C@@][C@H]Sc1nocc1, 285, 117, 619440
40 domWdegRandom true false 2 1 1800 2750 3250 -400 -300 true,X\[N+](TN(SCl)\N=C(O[C@](=C)TI)\[C@])=N/T, 253, 104, 611912
40 domWdegRandom true false 2 1 1800 1750 2250 100 200 true,RN1N=[TH+]T[N+]C([N+]c2oc([C@])cc2C)=NS1, 255, 107, 876168
40 maxMarginalStrengthBiasedWheelSelectVal true false 2 1 1800 3750 4250 -200 -100 true,BrOCN=CC#CS[N+]1(TOCOCS1)C(TC)O[C@](=C)C_, 47, 11, 115065
40 maxMarginal true false 2 1 1800 3750 4250 -200 -100 true,C1CC(CC2CCTCC2(CCCCTCOCCSTTC3TCCOC3))SC1, 41, 1, 159505
40 maxMarginalStrengthBiasedWheelSelectVal true false 2 1 1800 1750 2250 -200 -100 true,[C@]TC1CTCC(TCTCF)(ON2CCOC2([C@](#C)))T1, 38, 3, 190394
40 maxMarginal true false 2 1 1800 2750 3250 -400 -300 true,C1(C(C(C2CTCC2)COCTCOC=NC)C3OCCCC3)TTTC1, 39, 1, 242562
40 domWdegRandom true false 2 1 1800 1750 2250 100 200 true,X\C(T/C=C/C(CCC=CC=C=NT[C@H]=[C@@]))=N/S, 281, 114, 435312
40 domWdegRandom true false 2 1 1800 3750 4250 -200 -100 true,c1nsnc1C=C=NC2(TCN(c3onnc3TI)CC2)C=[C@@], 407, 179, 511856
40 maxMarginalStrengthBiasedWheelSelectVal true false 2 1 1800 2750 3250 100 200 true,FCC1CN(N(T)C(Cl)SC(N=NT)=CC(OT)(R)F)C=CC1, 35, 0, 291193
40 maxMarginalStrengthBiasedWheelSelectVal true false 2 1 1800 3750 4250 -200 -100 true,TC(OCC1(CCC1(C(T)(R)I))C2(SSCOOC(X)))C2R, 88, 27, 171042
40 maxMarginalStrengthBiasedWheelSelectVal true false 2 1 1800 3750 4250 100 200 true,CN(R)COCC(STCSS1)C1OC(C2SCCN2(C=CF))CC__, 36, 2, 135569
40 maxMarginalStrengthBiasedWheelSelectVal true false 2 1 1800 2750 3250 -400 -300 true,CN(C1(N=N(C2TCCTTC2))CCC1)C(C)(T)N3CCOS3, 52, 8, 223986
40 domWdegRandom true false 2 1 1800 1750 2250 100 200 true,Brc1[nH]c(Cl)nc1Cl_________________________, 19, 5, 64529
40 domWdegRandom true false 2 1 1800 1750 2250 -200 -100 true,Rc1[nH]nnc1[TH+]=NO[N+][TH+]OC#CCCCC[C@], 43, 11, 179358
40 maxMarginalStrengthBiasedWheelSelectVal true false 2 1 1800 3750 4250 100 200 true,C(O(S(CC1(C(OSC)N2CCSTCT2)SC1(Cl))))SCCC_, 49, 8, 233367
40 maxMarginalLDS true false 2 1 1800 3750 4250 -400 -300 true,C1CC(CC2CCOCC2(C=NCTCOSOCTCC3TCTCS3))CC1, 160, 15, 338251
40 domWdegRandom true false 2 1 1800 3750 4250 -200 -100 true,ClCTCc1c[nH]nc1TN(OBr)CTC[C@]#C[C@@]OC=NOF, 65, 19, 150145
40 maxMarginalLDS true false 2 1 1800 2750 3250 -200 -100 true,C1(C(C(C2CTCC2)COCOCTCOCC)C3CCCCC3)TTTC1, 40, 0, 322464
40 maxMarginalStrengthBiasedWheelSelectVal true false 2 1 1800 2750 3250 100 200 true,ClTN(TN=C(TCl)OTC1CC=CC1([C@]C2(OOC)CC2))X, 51, 8, 219043
40 domWdegRandom true false 2 1 1800 3750 4250 -200 -100 true,O1[N+]OT[N+]=N[N+]2([N+]=C(C(I)I)T2)S1__, 44, 9, 156579
40 maxMarginalStrengthBiasedWheelSelectVal true false 2 1 1800 2750 3250 100 200 true,C(N(T)STT(C(SN1CCC1(S(CC)))))CCOC/C=C\O_, 34, 0, 154307
40 maxMarginalStrengthBiasedWheelSelectVal true false 2 1 1800 2750 3250 -400 -300 true,ClC(N(C(C(X)C)(T)C=NCC#C)T(C))OO[C@]OCCOT, 427, 199, 207830
40 maxMarginalStrengthBiasedWheelSelectVal true false 2 1 1800 3750 4250 100 200 true,FCSCCN1N(TSC(=C=CCl))CC(N(TC=C(Cl))OOF)S1_, 37, 0, 115161
40 maxMarginalStrengthBiasedWheelSelectVal true false 2 1 1800 3750 4250 -400 -300 true,C(TCTC)(C(OTSCN(C(=NBr)T)C))[C@](=CC=O)SBr, 113, 41, 198130
40 domWdegRandom true false 2 1 1800 3750 4250 100 200 true,ClT\[N+]=[C@@](c1[nH]c2c(N(Cl)N2)c1OCCI)\S, 29, 3, 124277
40 maxMarginalStrengthBiasedWheelSelectVal true false 2 1 1800 3750 4250 -400 -300 true,C(TCN(ON1COOC(C(CTBr))(C(TR))C1)(F))CCSBr_, 5779, 2876, 799772
40 domWdegRandom true false 2 1 1800 2750 3250 100 200 true,Rc1cc[nH]c1O[C@]N=[C@H]c2c3(CT3)ccc2SSSR, 583, 255, 803849
40 domWdegRandom true false 2 1 1800 2750 3250 -200 -100 true,RTT/C(T[C@@H]/C=C/[C@](OOCN(C)I))=[N+]\T, 205, 88, 307376
40 domWdegRandom true false 2 1 1800 3750 4250 100 200 true,O(Br)[C@](Cl)/C(I)=C(N1[TH+]N(R)N=C1(Cl))/S, 29, 0, 143273
40 domWdegRandom true false 2 1 1800 2750 3250 100 200 true,c1c[nH]nc1C[N+]CT[N+]/[N+]=C(c2cscc2Br)\T, 26, 2, 136317
40 maxMarginalStrengthBiasedWheelSelectVal true false 2 1 1800 1750 2250 100 200 true,O(C(C(=CTX)C1(R)COON1(TS([C@H]2CC2)))R)C, 156, 61, 224081
40 maxMarginalStrength true false 2 1 1800 2750 3250 -200 -100 true,C1TC(C(C(#C(C(COC)COCOCOT)))SC2TCTC2)TC1, 39, 0, 287182
40 domWdegRandom true false 2 1 1800 2750 3250 100 200 true,CTc1[nH]nnc1c2snnc2CC(C)[C@]/[N+]=[N+]/S, 249, 104, 528891
40 maxMarginalStrengthBiasedWheelSelectVal true false 2 1 1800 1750 2250 -400 -300 true,FCC1(N2TC2(R))SOC(C3[TH+]=[N+]3)(TSTC)C1, 827, 397, 313769
40 domWdegRandom true false 2 1 1800 2750 3250 -200 -100 true,Br\[TH+]=[C@]([TH+]SOON=[N+]O\C(C)=C\S)/S, 36, 5, 217229
40 maxMarginalStrength true false 2 1 1800 3750 4250 -400 -300 true,C1CC(C(TCTCCOCCOCCTCTCOCOCTCC2CCOC2))CC1, 41, 2, 160731
40 domWdegRandom true false 2 1 1800 3750 4250 100 200 true,ROS/N=[N+](N(SBr)N(SCl)[C@H]/C=C/C(=NF))\C, 269, 110, 368309
40 domWdegRandom true false 2 1 1800 3750 4250 -400 -300 true,ClSc1sc2c(TN(I)N=[C@@]2(R))c1OTTC=[TH+]CF, 130, 51, 155216
40 maxMarginalStrengthBiasedWheelSelectVal true false 2 1 1800 2750 3250 -200 -100 true,COSCCC(COR)(CT)C(=C=C(=[C@](=C)))OTOSCTCl, 4107, 2038, 1054498
40 maxMarginalStrengthBiasedWheelSelectVal true false 2 1 1800 2750 3250 -200 -100 true,XC1[C@](C#CSC(C)(C=CBr)[C@](=C)OX)OSTTTO1, 87, 26, 219466
40 maxMarginalStrengthLDS true false 2 1 1800 1750 2250 -400 -300 true,T(C(C1TCC1)C2CTOC2(C(C=C(C#CN3TTN3))))F_, 43, 2, 173407
40 domWdegRandom true false 2 1 1800 1750 2250 -400 -300 true,Cc1snnc1N(X)/[C@]=[N+](O(T[C@](=C=T)))/O, 275, 119, 753912
40 domWdegRandom true false 2 1 1800 1750 2250 -400 -300 true,[O-]SN1SON=NC=[C@@](T[N+]([C@@](=C)))O1_, 979, 452, 839928
40 maxMarginalStrengthBiasedWheelSelectVal true false 2 1 1800 2750 3250 -400 -300 true,C#COC1(OC(R))CCN(SCS(OC(X)[C@@](=C)T))S1, 45, 10, 201613
40 domWdegRandom true false 2 1 1800 3750 4250 -200 -100 true,c1coc(c2[nH]nnn2)c1SS[N+]#CC(I)C#C[TH+]R, 761, 345, 599809
40 maxMarginalStrength true false 2 1 1800 3750 4250 100 200 true,C1CC(C(CCTCCTCCCCCOCTCOCCCTCC2CCCC2))CC1, 40, 0, 187038
40 maxMarginalStrengthBiasedWheelSelectVal true false 2 1 1800 2750 3250 100 200 true,C1C(N2C(R)(TOC=C([O-])OC(Br))TSCC2)C=NCT1, 77, 23, 250694
40 maxMarginalStrengthBiasedWheelSelectVal true false 2 1 1800 2750 3250 -400 -300 true,C(OOOC(R))(CSTC(TOBr))CC(T(C))C[C@](=C)T_, 111, 40, 176091
40 maxMarginalStrengthBiasedWheelSelectVal true false 2 1 1800 3750 4250 100 200 true,CCOC1(TCCTC(COC(CBr)CTC2=CSOTT2)CCC)CCO1_, 32, 0, 172357
40 maxMarginalLDS true false 2 1 1800 3750 4250 -200 -100 true,C1CC(CC2CCTCC2(CCCCTCOCCSTTC3TCCOC3))SC1, 41, 1, 196414
40 maxMarginalStrengthBiasedWheelSelectVal true false 2 1 1800 3750 4250 100 200 true,C(CSSO(C1TC1(C(TSOTTCCC2SCC2)Cl)(CCC)))F_, 51, 9, 162134
40 domWdegRandom true false 2 1 1800 3750 4250 -200 -100 true,I\C=[C@@](Tc1oncc1[TH+]N=N(SO[C@]OCF))\S, 58, 14, 267058
40 maxMarginalLDS true false 2 1 1800 2750 3250 -400 -300 true,C1(C(C(C2CTCC2)COCTCOC=NC)C3OCCCC3)TTTC1, 39, 1, 312932
40 maxMarginalStrengthBiasedWheelSelectVal true false 2 1 1800 2750 3250 100 200 true,FOC=C(ON(OTF)CC1CCN1)C(TCC(CCl)(CC(T)))TT, 33, 0, 231382
40 maxMarginalStrengthBiasedWheelSelectVal true false 2 1 1800 2750 3250 -400 -300 true,C1(SN(C#C)TCCOCC=[C@](=C))N(CT2)N2TTCCS1, 36, 4, 196060
40 domWdegRandom true false 2 1 1800 1750 2250 -200 -100 true,S=NTS(=O)(=O)/[C@@](R)=[N+](C=CN=O)/[C@], 274, 115, 888963
40 domWdegRandom true false 2 1 1800 3750 4250 -200 -100 true,Cl/C=[C@]([N+]Sc1oc2c(N=[TH+]OCN2)c1OI)\O, 322, 135, 413585
40 maxMarginalStrengthBiasedWheelSelectVal true false 2 1 1800 2750 3250 100 200 true,CC1TCSC(N(C[C@]TSR)OC2(TC(CCl))CC2(C))TN1, 38, 1, 149350
40 maxMarginalStrengthBiasedWheelSelectVal true false 2 1 1800 2750 3250 -400 -300 true,ClC1(OC(CTT)OC1(N2TTTC2(=C)))C(N(OF)CCC)C, 605, 287, 365309
40 maxMarginalStrengthBiasedWheelSelectVal true false 2 1 1800 3750 4250 100 200 true,C1SC(C(C2SOCS2)C(Br)C(C#CTN=CCCCO(TT)))N1, 40, 1, 207980
40 maxMarginalLDS true false 2 1 1800 1750 2250 100 200 true,T(C(C(C1C(C(C2CCCTC2)CC=COT)TTC1)))C____, 45, 2, 293506
40 maxMarginal true false 2 1 1800 3750 4250 -400 -300 true,C1CC(CC2CCOCC2(C(TCTCOBr)TTTC3OCCOC3))SC1, 54, 9, 150054
40 maxMarginalStrengthBiasedWheelSelectVal true false 2 1 1800 1750 2250 -200 -100 true,CCOSN(TOTC1)C1(C(C(C)C(#C(C(#C))))(T)T)T, 65, 16, 193469
40 maxMarginalStrengthBiasedWheelSelectVal true false 2 1 1800 3750 4250 -200 -100 true,C1CCN(TCCC#CN=NN=C(C(SSCCl)C(OCl)[TH+]))S1, 674, 321, 261982
40 domWdegRandom true false 2 1 1800 1750 2250 100 200 true,c1sc2c(O[TH+]2)c1c3nsnc3[C@@H](R)C#[C@H], 580, 259, 841943
40 maxMarginal true false 2 1 1800 2750 3250 -200 -100 true,C1(C(C(C2CTCC2)COCOCTCOCC)C3CCCCC3)TTTC1, 40, 0, 244577
40 maxMarginalStrengthBiasedWheelSelectVal true false 2 1 1800 3750 4250 -200 -100 true,FCS(=O)(=O)C(TON(N(S(C1TCC1(C)))(F))TBr)Br, 819, 397, 213799
40 maxMarginalLDS true false 2 1 1800 2750 3250 100 200 true,C1(C(C(C2CTCC2)CTCCCCCCCF)C3CCCCC3)TTTC1, 41, 0, 323025
40 domWdegRandom true false 2 1 1800 2750 3250 -400 -300 true,C1N([TH3+])STC=CC2(OTOC[C@](=CBr)OO2)[N+]1, 587, 255, 825291
40 maxMarginal true false 2 1 1800 3750 4250 100 200 true,C1CC(CC2CCOCC2(CTCCOCTCOCOCC3CCCCC3))SC1, 41, 0, 165586
40 domWdegRandom true false 2 1 1800 2750 3250 -400 -300 true,N#[C@][TH+]C=C(R)[TH+]TSS[C@@H]N(C=CBr)SR, 42, 7, 253663